url,datetime
https://appletrack.com/studio-display-pro-with-mini-led-rumored-to-release-at-wwdc-2022/,2022-03-10
https://appletrack.com/apple-investigating-20-inch-foldable-mac-displays/,2022-02-21
https://appletrack.com/no-foldable-iphone-until-at-least-2025/,2022-02-21
https://appletrack.com/revamped-imac-pro-to-launch-in-june-2022/,2022-02-14
https://appletrack.com/gurman-mac-studio-and-new-monitor-coming-at-peek-performance-event-tomorrow/,2022-03-07
https://appletrack.com/apples-new-external-display-is-finished-and-could-launch-at-any-time/,2022-03-06
https://appletrack.com/apple-may-finally-discontinue-the-elderly-apple-watch-series-3-later-this-year/,2022-02-27
https://appletrack.com/apple-watch-series-8-getting-major-updates-this-year/,2022-02-27
https://appletrack.com/apple-is-working-on-a-foldable-ipad-macbook-that-might-look-like-this/,2022-02-27
https://appletrack.com/apple-planning-to-release-new-macs-in-march-plus-may-june/,2022-02-20
https://appletrack.com/new-mac-mini-and-mac-mini-pro-models-coming-in-2022/,2022-02-14
https://appletrack.com/apple-will-release-4-macs-with-m2-chips/,2022-02-07
https://appletrack.com/2022-macbook-pro-refresh-will-focus-on-new-low-end-model/,2022-02-06
https://appletrack.com/apple-march-8-event-scheduled-for-new-products/,2022-02-04
https://appletrack.com/gurman-iphone-fold-still-two-or-three-years-away/,2021-08-01
https://appletrack.com/gurman-all-macs-will-have-apple-silicon-inside-by-november-2022/,2021-08-01
https://appletrack.com/gurman-airpods-3-coming-this-fall/,2021-08-01
https://appletrack.com/apples-september-2021-event-will-again-be-virtual/,2021-07-26
https://appletrack.com/gurman-new-macbook-pros-launching-in-november-at-the-latest/,2021-07-18
https://appletrack.com/gurman-no-touch-id-on-iphone-13/,2021-07-14
https://appletrack.com/gurman-smaller-notch-on-iphone-13-even-smaller-cutout-in-2022/,2021-07-14
https://appletrack.com/iphone-13-to-include-improved-optical-zoom-among-other-video-improvements/,2021-07-14
https://appletrack.com/iphone-13-may-feature-new-always-on-display-mode/,2021-07-18
https://appletrack.com/redesigned-ipad-mini-likely-coming-this-fall-with-ipad-air-like-design/,2021-07-11
https://appletrack.com/apple-developing-apple-pay-later-service-to-pay-for-products-over-time-without-apple-card/,2021-07-13
https://appletrack.com/gurman-no-major-apple-announcements-happening-for-the-next-several-weeks/,2021-06-27
https://appletrack.com/apple-is-working-on-new-ipads-with-larger-displays/,2021-06-27
https://appletrack.com/apple-is-still-working-on-a-new-version-of-airpower-2/,2021-06-04
https://www.macrumors.com/2021/03/26/apple-launch-apple-watch-extreme-sports-2021/,2021-03-26
https://appletrack.com/m2-macbook-air-and-macbook-pro-set-to-release-before-end-of-2022/,2022-03-10
https://appletrack.com/apple-still-working-on-m2-and-m2-pro-mac-mini-coming-later-this-year/,2022-03-10
https://appletrack.com/new-ipad-air-may-get-m1-chip-according-to-fresh-rumor/,2022-03-07
https://appletrack.com/apple-working-on-all-new-mac-studio-computer-with-chip-even-more-powerful-than-m1-max/,2022-03-04
https://appletrack.com/upcoming-apple-studio-display-will-have-7k-resolution-a13-processor-inside/,2022-03-04
https://9to5mac.com/2022/01/14/apple-hits-roadblock-in-plans-to-redesign-ipad-pro-with-magsafe/,2022-01-14
https://appletrack.com/apple-pro-display-xdr-2-may-feature-a13-chip-neural-engine/,2021-07-24
https://appletrack.com/redesigned-ipad-mini-may-have-usb-c-a15-processor/,2021-07-20
https://9to5mac.com/2021/07/20/new-ipad-mini-exclusive-a15-processor-usb-c/,2021-07-20
https://appletrack.com/macos-12-could-be-called-mammoth-or-monterey/,2021-06-01
https://9to5mac.com/2021/04/05/tvos-14-5-beta-code-suggests-120hz-support-coming-to-a-new-apple-tv-model/,2021-04-05
https://9to5mac.com/2021/03/29/ios-15-and-macos-12-naming-mentions/,2021-03-29
https://9to5mac.com/2021/03/23/ios-code-reveals-a14x-processor-ahead-of-rumored-ipad-pro-upgrades/,2021-03-23
https://9to5mac.com/2021/03/23/new-apple-silicon-imacs-referenced-in-latest-macos-big-sur-11-3-beta/,2021-03-23
https://9to5mac.com/2020/09/17/video-claims-to-show-apple-magnetic-wireless-charger-prototype/,2020-09-17
https://9to5mac.com/2020/09/12/apple-one-bundle-ios-code/,2020-09-12
https://9to5mac.com/2020/07/24/exclusive-want-face-id-on-the-mac-macos-big-sur-suggests-the-truedepth-camera-is-coming/,2020-07-24
https://9to5mac.com/2020/05/23/apple-working-to-replace-messages-app-on-mac-with-a-catalyst-version-ios-14-code-reveals/,2020-05-23
https://9to5mac.com/2020/05/11/airpods-studio-features-exclusive/,2020-05-11
https://9to5mac.com/2020/03/08/apple-watch-blood-oxygen-saturation/,2020-03-08
https://9to5mac.com/2020/03/09/airpods-headphones-ios-14/,2020-03-09
https://9to5mac.com/2020/03/09/apple-watch-series-6-watchos-7-features/,2020-03-09
https://9to5mac.com/2020/03/30/watchos-7-kids-move-activity-tracking/,2020-03-30
https://9to5mac.com/2020/03/09/sophisticated-mouse-cursor-support-coming-to-ios-14-new-ipad-smart-keyboard-models-with-trackpad/,2020-03-09
https://9to5mac.com/2020/03/10/apple-developing-new-augmented-reality-app-for-ios-14-testing-apple-store-and-starbucks-partnership/,2020-03-10
https://9to5mac.com/2020/03/10/ios-14-home-screen-list-view/,2020-03-10
https://9to5mac.com/2020/03/10/ios-14-homekit/,2020-03-10
https://9to5mac.com/2020/03/10/ios-14-wallpapers-third-parties-improved-accessibility-alipay-apple-pay/,2020-03-10
https://www.macrumors.com/2020/03/19/carplay-may-support-wallpapers-in-ios-14/,2020-03-19
https://9to5mac.com/2020/03/23/ios-14-find-my-ar-triggers/,2020-03-23
https://9to5mac.com/2020/03/23/ios-14-bmw-carkey/,2020-03-23
https://9to5mac.com/2020/06/18/exclusive-ios-14-to-include-overhauled-podcasts-app-with-for-you-bonus-content-more/,2020-06-18
https://9to5mac.com/2020/04/09/ios-14-apple-developing-clips-feature-for-using-apps-without-requiring-full-downloads/,2020-04-09
https://9to5mac.com/2020/06/02/ios-14-built-in-translator-apple-pencil-website-support/,2020-06-02
https://9to5mac.com/2020/06/10/rumored-ios-14-call-recording-feature-only-for-internal-debugging-likely-not-launching-publicly/,2020-06-10
https://9to5mac.com/2020/04/07/apple-beats-future/,2020-04-07
https://9to5mac.com/2020/04/02/exclusive-iphone-9-launch-imminent-2020-iphone-se-in-red-white-and-black/,2020-04-02
https://9to5mac.com/2020/03/16/ios-14-code-confirms-apple-planning-iphone-9-plus-with-a13-as-larger-version-of-rumored-entry-level-model/,2020-03-16
https://9to5mac.com/2020/03/10/ios-14-iphone-9-ipad-pro-apple-tv/,2020-03-10
https://9to5mac.com/2020/03/09/powerbeats4-videos-and-specs-leak-ahead-of-official-announcement/,2020-03-09
https://9to5mac.com/2020/02/26/apple-planning-over-the-air-os-recovery-for-ios-devices-based-on-ios-13-4-beta-code/,2020-02-26
https://9to5mac.com/2020/02/06/new-apple-tv-4k-hardware-appears-closer-to-launching-based-on-tvos-13-4-beta-code/,2020-02-06
https://9to5mac.com/2020/02/05/new-carkey-feature-in-ios-13-4-beta-brings-built-in-support-for-unlocking-driving-and-sharing-nfc-car-keys/,2020-02-05
https://9to5mac.com/2020/01/13/macos-beta-hints-at-future-pro-mode-to-boost-performance-on-portable-macs/,2020-01-13
https://www.macrumors.com/2021/12/26/iphones-without-sim-card-slot-2022-rumor/,2021-12-26
https://www.macrumors.com/2021/10/22/airpods-pro-2-photo-rumor/,2021-10-22
https://www.macrumors.com/2021/09/23/macbook-pro-2021-resolutions/,2021-09-23
https://www.macrumors.com/2021/04/19/new-ipad-pro-thicker-mini-led-display/,2021-04-19
https://www.macrumors.com/2021/03/23/alleged-iphone-13-front-glass-photo/,2021-03-23
https://www.macrumors.com/2020/12/03/applecare-memo-potential-hardware-announcement/,2020-12-03
https://www.macrumors.com/2020/09/29/ios-14-2-no-earpods-iphone-12/,2020-09-29
https://www.macrumors.com/2020/09/12/apple-one-domain-names/,2020-09-12
https://www.macrumors.com/2020/03/26/apple-ar-vr-headset-controller/,2020-03-26
https://www.macrumors.com/2020/03/13/new-macbook-air-as-early-as-next-week/,2020-03-13
https://www.macrumors.com/2020/03/09/ios-14-ocr-apple-pencil-text-conversion/,2020-03-09
https://www.macrumors.com/2020/03/09/imessage-mentions-retractions-more/,2020-03-09
https://www.macrumors.com/2020/03/09/apple-ios-14-fitness-app-guided-workouts/,2020-03-09
https://www.macrumors.com/2020/01/28/ios-13-3-1-powerbeats-4-images/,2020-01-28
https://appletrack.com/redesigned-imac-may-feature-a14t-chip-apple-designed-gpu/,2020-10-27
https://appletrack.com/apple-rumored-to-release-new-30w-gan-charger-later-this-year/,2022-03-07
https://appletrack.com/new-rumor-says-updated-mac-mini-and-external-display-coming-this-year-new-imac-pro-and-mac-pro-in-2023/,2022-03-06
https://appletrack.com/rumor-iphone-se-3-will-ship-with-mmwave-5g/,2022-03-04
https://appletrack.com/apple-preps-airpods-pro-2-with-new-design-case-and-lossless-audio/,2022-01-02
https://appletrack.com/apple-planning-48mp-camera-on-iphone-14-periscope-zoom-lens-in-2023-kuo/,2021-12-20
https://appletrack.com/iphone-se-4-coming-in-2023-with-larger-display-and-more-ram/,2021-12-08
https://appletrack.com/airpods-pro-2-releasing-in-late-2022-report/,2021-12-08
https://appletrack.com/kuo-apples-ar-headset-will-launch-in-q4-of-2022/,2021-11-27
https://appletrack.com/rumor-says-iphone-13-will-start-at-128gb-storage-iphone-13-pro-gets-1tb/,2021-09-12
https://appletrack.com/kuo-says-apple-watch-series-7-production-issues-have-been-fixed/,2021-09-10
https://appletrack.com/apple-watch-series-7-release-on-schedule-says-kuo/,2021-09-12
https://appletrack.com/airpods-3-coming-at-apples-september-14-event-according-to-kuo/,2021-09-12
https://appletrack.com/iphone-13-may-be-able-to-make-calls-and-send-texts-with-no-service/,2021-08-30
https://appletrack.com/new-macbook-air-rumored-to-launch-in-mid-2022-with-new-colors-fresh-design/,2021-08-10
https://appletrack.com/2022-macbook-air-will-be-redesigned-have-new-mini-led-display/,2021-07-09
https://appletrack.com/11-inch-ipad-pro-to-get-mini-led-next-year/,2021-07-09
https://appletrack.com/2022-iphone-lineup-to-consist-of-multiple-6-7-inch-max-models-under-display-touch-id-also-coming/,2021-06-23
https://appletrack.com/iphone-13-may-bring-mmwave-5g-to-more-countries/,2021-04-19
https://appletrack.com/apple-eliminating-5-4-inch-iphone-mini-size-by-next-year/,2021-04-14
https://appletrack.com/in-split-from-others-kuo-says-no-new-airpods-at-march-event/,2021-03-15
https://appletrack.com/iphone-se-3-likely-coming-in-2022-with-5g-similar-design/,2021-03-01
https://appletrack.com/2023-iphone-to-get-full-screen-design-with-no-notch-or-cutouts/,2021-03-01
https://appletrack.com/2022-iphone-may-remove-notch-in-favor-of-hole-punch-design/,2021-03-01
https://appletrack.com/iphone-13-may-get-120hz-display-new-ultra-wide-lens-larger-batteries/,2021-03-01
https://www.macrumors.com/2021/02/22/2021-macbook-pro-sd-hdmi-port-kuo/,2021-02-22
https://www.macrumors.com/2021/01/15/new-macbook-pro-models-magsafe-ports/,2021-01-14
https://www.macrumors.com/2021/01/04/kuo-airtags-ar-device-2021/,2021-01-04
https://9to5mac.com/2020/12/12/kuo-iphone-13-to-be-produced-and-launched-on-regular-schedule-in-2021/,2020-12-12
https://9to5mac.com/2020/12/02/kuo-redesigned-macbook-pro-mini-led/,2020-12-02
https://9to5mac.com/2020/11/25/kuo-iphone-12-demand-strong-new-form-factor-in-late-2021/,2020-11-25
https://www.macrumors.com/2020/11/06/kuo-iphone-13-same-sizes-better-ultrawide-camera/,2020-11-06
https://www.macrumors.com/2020/09/23/kuo-mini-led-ipad-pro/,2020-09-22
https://9to5mac.com/2020/09/14/kuo-5-4-iphone-12-to-feature-narrower-notch-power-button-touch-id-coming-to-more-ipads-in-2021/,2020-09-14
https://9to5mac.com/2020/07/21/kuo-camera-lens-iphone/,2020-07-22
https://www.macrumors.com/2020/06/28/kuo-no-charger-in-iphone-12-box/,2020-06-28
https://9to5mac.com/2020/06/22/kuo-apple-to-launch-airpods-3-in-first-half-of-2021-with-similar-design-to-airpods-pro/,2020-06-22
https://www.macrumors.com/2020/06/21/apple-arm-13-inch-macbook-pro-imac/,2020-06-21
https://appletrack.com/iphone-12-may-remove-earpods-from-the-box/,2020-05-20
https://www.macrumors.com/2020/05/14/kuo-apple-glasses-2022-new-ipads-2020/,2020-05-14
https://www.macrumors.com/2020/04/23/kuo-airpods-third-gen-first-half-2020/,2020-04-23
https://www.macrumors.com/2020/04/21/iphone-se-plus-postponed-2h21/,2020-04-21
https://www.macrumors.com/2020/03/26/kuo-several-arm-based-macs-2021/,2020-03-26
https://www.macrumors.com/2020/03/23/kuo-iphones-sensor-shift-2021-periscope-2022/,2020-03-23
https://www.macrumors.com/2020/03/12/kuo-macbook-pro-air-scissor-keyboard/,2020-03-11
https://www.macrumors.com/2020/03/12/kuo-new-macbook-design-2021/,2020-03-11
https://www.macrumors.com/2020/03/03/apple-14-1-inch-macbook-pro-mini-led/,2020-03-03
https://www.macrumors.com/2020/02/24/mac-apple-designed-processor-2021/,2020-02-24
https://www.macrumors.com/2020/02/17/kuo-iphone-se-2-launch-first-half-2020/,2020-02-17
https://9to5mac.com/2020/01/29/kuo-forecasts-new-apple-products-coming-this-year-including-wireless-charging-mat-uwb-tags-and-high-end-headphones/,2020-01-29
https://www.macrumors.com/2020/01/12/kuo-all-5g-iphones-on-track-to-launch-fall-2020/,2020-01-12
https://appletrack.com/iphone-12-pro-max-screenshots-show-120hz-support-4k240p-slow-mo/,2020-08-25
https://appletrack.com/iphone-12s-may-have-larger-magsafe-coil-for-reverse-wireless-charging-portrait-mode-video/,2021-07-04
https://appletrack.com/rumor-apples-ar-vr-headset-completes-production-tests-should-launch-in-2022/,2022-02-21
https://appletrack.com/2022-macbook-pro-said-to-launch-in-early-march/,2022-02-08
https://www.macrumors.com/2021/08/20/digitmes-mulitple-apple-events-for-september/,2021-08-20
https://appletrack.com/iphone-se-3-likely-coming-in-first-half-of-2022-with-a14-chip-5g/,2021-07-20
https://appletrack.com/airpods-3-may-debut-alongside-iphone-13-at-september-event/,2021-07-24
https://appletrack.com/redesigned-ipad-mini-may-have-mini-led-display/,2021-07-23
https://appletrack.com/second-report-says-iphone-13-will-get-upgraded-wifi-6e/,2021-07-15
https://appletrack.com/report-m1x-14-16-inch-macbook-pro-announcement-in-september/,2021-07-01
https://appletrack.com/apple-watch-series-7-may-include-new-double-sided-s7-chip/,2021-06-26
https://www.macrumors.com/2021/05/17/mini-led-macbooks-possibly-delayed-until-2022/,2021-05-17
https://www.macrumors.com/2021/03/25/airpods-3-production-rumor/,2021-03-25
https://www.macrumors.com/2020/06/12/imac-ipad-air-ipad-mini-late-2020/,2020-06-12
https://www.macrumors.com/2020/05/21/apple-glasses-2021-launch/,2020-05-21
https://www.macrumors.com/2020/04/21/airpods-pro-without-noise-cancellation-rumor/,2020-04-21
https://www.macrumors.com/2020/04/20/new-airpods-pro-second-half-2020/,2020-04-20
https://www.macrumors.com/2020/03/24/apple-ar-glasses-under-development-2022-report/,2020-03-24
https://www.macrumors.com/2020/03/17/5-4-inch-iphone-oled-display-boe/,2020-03-17
https://www.macrumors.com/2020/03/05/new-low-cost-iphone-pcb-orders-delayed/,2020-03-05
https://www.macrumors.com/2020/03/04/iphone-se-2-final-verification-stage-report/,2020-03-04
https://www.macrumors.com/2020/02/17/new-ipad-pro-expected-around-march/,2020-02-17
https://www.macrumors.com/2020/02/13/5g-ipad-pro-a14-chip-fall-2020-digitimes/,2020-02-13
https://www.macrumors.com/2020/02/12/digitimes-iphone-12-production-may-fall-behind/,2020-02-12
https://www.macrumors.com/2020/02/12/apple-airpod-pro-lite-earphones/,2020-02-11
https://www.macrumors.com/2020/01/21/digitimes-ipad-scissor-keyboard-rumor/,2020-01-21
https://www.macrumors.com/2020/01/14/5g-ipad-pro-rumor/,2020-01-14
https://www.macrumors.com/2020/02/24/2020-iphones-may-support-60ghz-wifi/,2020-02-24
https://www.macrumors.com/2020/02/24/airtags-waterproof-wireless-charging/,2020-02-24
https://www.macrumors.com/2021/03/12/iphone-13-touch-id-under-display/,2021-03-12
https://www.macrumors.com/2021/02/02/iphone-13-upgraded-ultra-wide-lens-rumor/,2021-02-02
https://www.macrumors.com/2020/12/18/iphone-13-may-support-wifi-6e-barclays/,2020-12-18
https://www.macrumors.com/2020/06/25/iphone-12-could-drop-charger-barclays/,2020-06-25
https://www.macrumors.com/2020/04/17/mmwave-iphones-may-launch-after-sub6ghz-models/,2020-04-17
https://www.macrumors.com/2020/01/16/2020-iphones-refreshed-face-id-system-rumor/,2020-01-16
https://www.macrumors.com/2022/01/14/iphone-14-ram-120hz-displays-rumor/,2022-01-14
https://www.macrumors.com/2022/01/03/iphone-15-pro-periscope-lens-rumor/,2022-01-03
https://appletrack.com/iphone-14-pro-may-get-unbelievable-camera-and-ram-upgrades/,2021-12-14
https://www.macrumors.com/2020/07/08/iphone-12-pricing-749-prediction/,2020-07-08
https://www.macrumors.com/2020/05/26/apple-mini-led-2021/,2020-05-26
https://www.macrumors.com/2020/04/10/iphone-se-iphone-12-launch-times-jeff-pu/,2020-04-10
https://www.macrumors.com/2021/08/17/iphone-13-third-week-september-1tb/,2021-08-17
https://www.macrumors.com/2021/06/03/new-macbook-pros-at-wwdc-wedbush-analyst/,2021-06-02
https://www.macrumors.com/2021/04/19/wedbush-event-ipads-price-increase-and-surprises/,2021-04-19
https://9to5mac.com/2020/07/13/september-launch-for-the-iphone-12/,2020-07-13
https://9to5mac.com/2020/06/16/apple-analyst-no-earpods-iphone-12/,2020-06-16
